model,order,RMSE,MAE,R2,MAPE,AIC,BIC
ARIMA,"(3, 2, 3)",230.76530461501162,183.76503542896296,-0.4353578568701737,9.030255973302296,1568.2978810187117,1587.5124059172545
