model,RMSE,MAE,R2,MAPE
ARIMA-LSTM,194.50470544426037,162.280706706234,-0.019716362735723303,8.238692121142208
LSTM,195.05034420011788,167.35509314903845,-0.02544555256248371,8.858923018714354
SARIMA,221.01337732375018,188.59988488955565,-0.3166073827069398,9.954396223321899
ARIMA,230.76530461501162,183.76503542896296,-0.4353578568701737,9.030255973302296
